season,week,seed,n_proposals,accept_rate,n_accept,n_accept_fast,n_accept_strict,accept_rate_strict,min_violation,max_violation,feasible_flag,fallback_flag,strict_feasible_flag,used_fallback,excluded_from_metrics,valid_week,violation_proxy,audit_weak,confidence_tag
1,1,20261131,8000,1.00000000,8000,8000,8000,1.00000000,0.00000000,0.00000000,True,False,1,0,0,1,0.00000000,False,High
1,2,20261131,8000,0.17750000,1420,1420,1360,0.17000000,0.00000000,0.83970978,True,False,1,0,0,1,0.82250000,False,High
1,3,20261131,8000,0.46087500,3687,3687,1590,0.19875000,0.00000000,0.95150509,True,False,1,0,0,1,0.53912500,False,High
1,4,20261131,8000,0.18425000,1474,1474,1959,0.24487500,0.00000000,0.94251671,True,False,1,0,0,1,0.81575000,False,High
1,5,20261131,8000,1.00000000,8000,8000,8000,1.00000000,0.00000000,0.00000000,True,False,1,0,0,1,0.00000000,False,High
1,6,20261131,8000,1.00000000,8000,8000,8000,1.00000000,0.00000000,0.00000000,True,False,1,0,0,1,0.00000000,False,High
2,1,20262131,8000,0.28962500,2317,2317,783,0.09787500,0.00000000,0.62655363,True,False,1,0,0,1,0.71037500,False,High
2,2,20262131,8000,0.24750000,1980,1980,923,0.11537500,0.00000000,0.70838729,True,False,1,0,0,1,0.75250000,False,High
2,3,20262131,8000,0.12100000,968,968,1030,0.12875000,0.00000000,0.76595737,True,False,1,0,0,1,0.87900000,False,High
2,4,20262131,8000,0.55412500,4433,4433,1134,0.14175000,0.00000000,0.83351658,True,False,1,0,0,1,0.44587500,False,High
2,5,20262131,8000,0.25037500,2003,2003,1268,0.15850000,0.00000000,0.85006002,True,False,1,0,0,1,0.74962500,False,High
2,6,20262131,8000,0.28000000,2240,2240,1523,0.19037500,0.00000000,0.92110510,True,False,1,0,0,1,0.72000000,False,High
2,7,20262131,8000,0.21587500,1727,1727,1971,0.24637500,0.00000000,0.94645460,True,False,1,0,0,1,0.78412500,False,High
2,8,20262131,8000,1.00000000,8000,8000,8000,1.00000000,0.00000000,0.00000000,True,False,1,0,0,1,0.00000000,False,High
3,1,20263131,8000,0.32262500,2581,2581,768,0.09600000,0.00000000,0.68674642,True,False,1,0,0,1,0.67737500,False,High
3,2,20263131,8000,0.10737500,859,859,778,0.09725000,0.00000000,0.59051854,True,False,1,0,0,1,0.89262500,False,High
3,3,20263131,8000,0.12337500,987,987,883,0.11037500,0.00000000,0.62729048,True,False,1,0,0,1,0.87662500,False,High
3,4,20263131,8000,0.13662500,1093,1093,1036,0.12950000,0.00000000,0.68763943,True,False,1,0,0,1,0.86337500,False,High
3,5,20263131,8000,0.11375000,910,910,1182,0.14775000,0.00000000,0.78959266,True,False,1,0,0,1,0.88625000,False,High
3,6,20263131,8000,1.00000000,8000,8000,8000,1.00000000,0.00000000,0.00000000,True,False,1,0,0,1,0.00000000,False,High
3,7,20263131,8000,0.30775000,2462,2462,1545,0.19312500,0.00000000,0.90172754,True,False,1,0,0,1,0.69225000,False,High
3,8,20263131,8000,0.27462500,2197,2197,2045,0.25562500,0.00000000,0.93927334,True,False,1,0,0,1,0.72537500,False,High
3,9,20263131,8000,1.00000000,8000,8000,8000,1.00000000,0.00000000,0.00000000,True,False,1,0,0,1,0.00000000,False,High
3,10,20263131,8000,1.00000000,8000,8000,8000,1.00000000,0.00000000,0.00000000,True,False,1,0,0,1,0.00000000,False,High
4,1,20264131,8000,1.00000000,8000,8000,8000,1.00000000,0.00000000,0.00000000,True,False,1,0,0,1,0.00000000,False,High
4,2,20264131,8000,0.11537500,923,923,739,0.09237500,0.00000000,0.68640298,True,False,1,0,0,1,0.88462500,False,High
4,3,20264131,8000,0.11037500,883,883,762,0.09525000,0.00000000,0.60492971,True,False,1,0,0,1,0.88962500,False,High
4,4,20264131,8000,0.23837500,1907,1907,890,0.11125000,0.00000000,0.68135564,True,False,1,0,0,1,0.76162500,False,High
4,5,20264131,8000,0.36687500,2935,2935,993,0.12412500,0.00000000,0.74909609,True,False,1,0,0,1,0.63312500,False,High
4,6,20264131,8000,0.16150000,1292,1292,1096,0.13700000,0.00000000,0.80268757,True,False,1,0,0,1,0.83850000,False,High
4,7,20264131,8000,0.25087500,2007,2007,1395,0.17437500,0.00000000,0.83192233,True,False,1,0,0,1,0.74912500,False,High
4,8,20264131,8000,0.38437500,3075,3075,1681,0.21012500,0.00000000,0.90826359,True,False,1,0,0,1,0.61562500,False,High
4,9,20264131,8000,0.26087500,2087,2087,1965,0.24562500,0.00000000,0.94824621,True,False,1,0,0,1,0.73912500,False,High
4,10,20264131,8000,1.00000000,8000,8000,8000,1.00000000,0.00000000,0.00000000,True,False,1,0,0,1,0.00000000,False,High
5,1,20265131,8000,0.26275000,2102,2102,688,0.08600000,0.00000000,0.55664485,True,False,1,0,0,1,0.73725000,False,High
5,2,20265131,8000,0.08100000,648,648,742,0.09275000,0.00000000,0.63390202,True,False,1,0,0,1,0.91900000,False,High
5,3,20265131,8000,0.26825000,2146,2146,759,0.09487500,0.00000000,0.65234311,True,False,1,0,0,1,0.73175000,False,High
5,4,20265131,8000,0.20062500,1605,1605,930,0.11625000,0.00000000,0.63911710,True,False,1,0,0,1,0.79937500,False,High
5,5,20265131,8000,0.23600000,1888,1888,994,0.12425000,0.00000000,0.73611156,True,False,1,0,0,1,0.76400000,False,High
5,6,20265131,8000,0.15975000,1278,1278,1187,0.14837500,0.00000000,0.83131600,True,False,1,0,0,1,0.84025000,False,High
5,7,20265131,8000,0.19600000,1568,1568,1321,0.16512500,0.00000000,0.82444178,True,False,1,0,0,1,0.80400000,False,High
5,8,20265131,8000,0.22775000,1822,1822,1641,0.20512500,0.00000000,0.91734985,True,False,1,0,0,1,0.77225000,False,High
5,9,20265131,8000,0.23875000,1910,1910,1868,0.23350000,0.00000000,0.93365361,True,False,1,0,0,1,0.76125000,False,High
5,10,20265131,8000,1.00000000,8000,8000,8000,1.00000000,0.00000000,0.00000000,True,False,1,0,0,1,0.00000000,False,High
6,1,20266131,8000,1.00000000,8000,8000,8000,1.00000000,0.00000000,0.00000000,True,False,1,0,0,1,0.00000000,False,High
6,2,20266131,8000,0.43925000,3514,3514,124,0.01550000,0.00000000,0.70382020,True,True,0,1,1,0,0.56075000,True,Low
6,3,20266131,8000,0.14500000,1160,1160,825,0.10312500,0.00000000,0.65795284,True,False,1,0,0,1,0.85500000,False,High
6,4,20266131,8000,0.28887500,2311,2311,928,0.11600000,0.00000000,0.67664189,True,False,1,0,0,1,0.71112500,False,High
6,5,20266131,8000,0.22437500,1795,1795,987,0.12337500,0.00000000,0.79657070,True,False,1,0,0,1,0.77562500,False,High
6,6,20266131,8000,0.27362500,2189,2189,1135,0.14187500,0.00000000,0.77255616,True,False,1,0,0,1,0.72637500,False,High
6,7,20266131,8000,0.17512500,1401,1401,1366,0.17075000,0.00000000,0.80805109,True,False,1,0,0,1,0.82487500,False,High
6,8,20266131,8000,0.20087500,1607,1607,1591,0.19887500,0.00000000,0.88595010,True,False,1,0,0,1,0.79912500,False,High
6,9,20266131,8000,0.28462500,2277,2277,1962,0.24525000,0.00000000,0.95440658,True,False,1,0,0,1,0.71537500,False,High
6,10,20266131,8000,1.00000000,8000,8000,8000,1.00000000,0.00000000,0.00000000,True,False,1,0,0,1,0.00000000,False,High
7,1,20267131,8000,0.41925000,3354,3354,96,0.01200000,0.00000000,0.56724994,True,True,0,1,1,0,0.58075000,True,Low
7,2,20267131,8000,0.17725000,1418,1418,742,0.09275000,0.00000000,0.55870200,True,False,1,0,0,1,0.82275000,False,High
7,3,20267131,8000,1.00000000,8000,8000,8000,1.00000000,0.00000000,0.00000000,True,False,1,0,0,1,0.00000000,False,High
7,4,20267131,8000,0.26225000,2098,2098,871,0.10887500,0.00000000,0.76773131,True,False,1,0,0,1,0.73775000,False,High
7,5,20267131,8000,0.17275000,1382,1382,983,0.12287500,0.00000000,0.83636451,True,False,1,0,0,1,0.82725000,False,High
7,6,20267131,8000,0.38875000,3110,3110,1132,0.14150000,0.00000000,0.71742193,True,False,1,0,0,1,0.61125000,False,High
7,7,20267131,8000,0.17037500,1363,1363,1307,0.16337500,0.00000000,0.80667427,True,False,1,0,0,1,0.82962500,False,High
7,8,20267131,8000,0.24050000,1924,1924,1582,0.19775000,0.00000000,0.87333612,True,False,1,0,0,1,0.75950000,False,High
7,9,20267131,8000,0.30900000,2472,2472,2014,0.25175000,0.00000000,0.95979115,True,False,1,0,0,1,0.69100000,False,High
7,10,20267131,8000,1.00000000,8000,8000,8000,1.00000000,0.00000000,0.00000000,True,False,1,0,0,1,0.00000000,False,High
8,1,20268131,8000,1.00000000,8000,8000,8000,1.00000000,0.00000000,0.00000000,True,False,1,0,0,1,0.00000000,False,High
8,2,20268131,8000,0.11100000,888,888,601,0.07512500,0.00000000,0.54543163,True,False,1,0,0,1,0.88900000,False,High
8,3,20268131,8000,0.15612500,1249,1249,629,0.07862500,0.00000000,0.54652658,True,False,1,0,0,1,0.84387500,False,High
8,4,20268131,8000,0.53687500,4295,4295,149,0.01862500,0.00000000,0.57416888,True,True,0,1,1,0,0.46312500,True,Low
8,5,20268131,8000,0.12637500,1011,1011,905,0.11312500,0.00000000,0.73103193,True,False,1,0,0,1,0.87362500,False,High
8,6,20268131,8000,0.33525000,2682,2682,1000,0.12500000,0.00000000,0.71305403,True,False,1,0,0,1,0.66475000,False,High
8,7,20268131,8000,0.29925000,2394,2394,1207,0.15087500,0.00000000,0.87162475,True,False,1,0,0,1,0.70075000,False,High
8,8,20268131,8000,0.17887500,1431,1431,1325,0.16562500,0.00000000,0.84365945,True,False,1,0,0,1,0.82112500,False,High
8,9,20268131,8000,0.22300000,1784,1784,1676,0.20950000,0.00000000,0.92963143,True,False,1,0,0,1,0.77700000,False,High
8,10,20268131,8000,0.34375000,2750,2750,2045,0.25562500,0.00000000,0.96529220,True,False,1,0,0,1,0.65625000,False,High
8,11,20268131,8000,1.00000000,8000,8000,8000,1.00000000,0.00000000,0.00000000,True,False,1,0,0,1,0.00000000,False,High
9,1,20269131,8000,0.33862500,2709,2709,64,0.00800000,0.00000000,0.48063746,True,True,0,1,1,0,0.66137500,True,Low
9,2,20269131,8000,0.15025000,1202,1202,588,0.07350000,0.00000000,0.48111968,True,False,1,0,0,1,0.84975000,False,High
9,3,20269131,8000,0.12537500,1003,1003,651,0.08137500,0.00000000,0.53019297,True,False,1,0,0,1,0.87462500,False,High
9,4,20269131,8000,0.19187500,1535,1535,692,0.08650000,0.00000000,0.66830245,True,False,1,0,0,1,0.80812500,False,High
9,5,20269131,8000,0.15650000,1252,1252,803,0.10037500,0.00000000,0.78863044,True,False,1,0,0,1,0.84350000,False,High
9,6,20269131,8000,0.40212500,3217,3217,224,0.02800000,0.00000000,0.79386070,True,True,0,1,1,0,0.59787500,True,Low
9,7,20269131,8000,0.44237500,3539,3539,395,0.04937500,0.00000000,0.80596728,True,True,0,1,1,0,0.55762500,True,Low
9,8,20269131,8000,0.23487500,1879,1879,1603,0.20037500,0.00000000,0.90800362,True,False,1,0,0,1,0.76512500,False,High
9,9,20269131,8000,0.24650000,1972,1972,2085,0.26062500,0.00000000,0.92514495,True,False,1,0,0,1,0.75350000,False,High
9,10,20269131,8000,1.00000000,8000,8000,8000,1.00000000,0.00000000,0.00000000,True,False,1,0,0,1,0.00000000,False,High
10,1,20270131,8000,1.00000000,8000,8000,8000,1.00000000,0.00000000,0.00000000,True,False,1,0,0,1,0.00000000,False,High
10,2,20270131,8000,0.05700000,456,456,747,0.09337500,0.00000000,0.66633660,True,False,1,0,0,1,0.94300000,False,High
10,3,20270131,8000,0.33637500,2691,2691,764,0.09550000,0.00000000,0.60129844,True,False,1,0,0,1,0.66362500,False,High
10,4,20270131,8000,0.22512500,1801,1801,910,0.11375000,0.00000000,0.69109826,True,False,1,0,0,1,0.77487500,False,High
10,5,20270131,8000,0.30962500,2477,2477,970,0.12125000,0.00000000,0.76231854,True,False,1,0,0,1,0.69037500,False,High
10,6,20270131,8000,0.25362500,2029,2029,1141,0.14262500,0.00000000,0.78931883,True,False,1,0,0,1,0.74637500,False,High
10,7,20270131,8000,0.17975000,1438,1438,1345,0.16812500,0.00000000,0.86461556,True,False,1,0,0,1,0.82025000,False,High
10,8,20270131,8000,0.30450000,2436,2436,1586,0.19825000,0.00000000,0.93481875,True,False,1,0,0,1,0.69550000,False,High
10,9,20270131,8000,0.29275000,2342,2342,1909,0.23862500,0.00000000,0.95027745,True,False,1,0,0,1,0.70725000,False,High
10,10,20270131,8000,1.00000000,8000,8000,8000,1.00000000,0.00000000,0.00000000,True,False,1,0,0,1,0.00000000,False,High
11,1,20271131,8000,0.19887500,1591,1591,696,0.08700000,0.00000000,0.54532030,True,False,1,0,0,1,0.80112500,False,High
11,2,20271131,8000,0.37700000,3016,3016,719,0.08987500,0.00000000,0.56419150,True,False,1,0,0,1,0.62300000,False,High
11,3,20271131,8000,0.22825000,1826,1826,789,0.09862500,0.00000000,0.64436833,True,False,1,0,0,1,0.77175000,False,High
11,4,20271131,8000,0.29062500,2325,2325,879,0.10987500,0.00000000,0.74972473,True,False,1,0,0,1,0.70937500,False,High
11,5,20271131,8000,0.16562500,1325,1325,1013,0.12662500,0.00000000,0.80934162,True,False,1,0,0,1,0.83437500,False,High
11,6,20271131,8000,0.08087500,647,647,1139,0.14237500,0.00000000,0.79752187,True,False,1,0,0,1,0.91912500,False,High
11,7,20271131,8000,0.17437500,1395,1395,1369,0.17112500,0.00000000,0.79125779,True,False,1,0,0,1,0.82562500,False,High
11,8,20271131,8000,0.26062500,2085,2085,1570,0.19625000,0.00000000,0.94567501,True,False,1,0,0,1,0.73937500,False,High
11,9,20271131,8000,0.25725000,2058,2058,2058,0.25725000,0.00000000,0.96039911,True,False,1,0,0,1,0.74275000,False,High
11,10,20271131,8000,1.00000000,8000,8000,8000,1.00000000,0.00000000,0.00000000,True,False,1,0,0,1,0.00000000,False,High
12,1,20272131,8000,1.00000000,8000,8000,8000,1.00000000,0.00000000,0.00000000,True,False,1,0,0,1,0.00000000,False,High
12,2,20272131,8000,0.16837500,1347,1347,743,0.09287500,0.00000000,0.59284414,True,False,1,0,0,1,0.83162500,False,High
12,3,20272131,8000,0.31737500,2539,2539,767,0.09587500,0.00000000,0.66243689,True,False,1,0,0,1,0.68262500,False,High
12,4,20272131,8000,0.16437500,1315,1315,874,0.10925000,0.00000000,0.70409936,True,False,1,0,0,1,0.83562500,False,High
12,5,20272131,8000,0.19162500,1533,1533,1011,0.12637500,0.00000000,0.75790720,True,False,1,0,0,1,0.80837500,False,High
12,6,20272131,8000,0.25162500,2013,2013,1117,0.13962500,0.00000000,0.76717448,True,False,1,0,0,1,0.74837500,False,High
12,7,20272131,8000,0.19087500,1527,1527,1360,0.17000000,0.00000000,0.80616883,True,False,1,0,0,1,0.80912500,False,High
12,8,20272131,8000,0.20112500,1609,1609,1639,0.20487500,0.00000000,0.93592832,True,False,1,0,0,1,0.79887500,False,High
12,9,20272131,8000,0.37025000,2962,2962,1987,0.24837500,0.00000000,0.95977758,True,False,1,0,0,1,0.62975000,False,High
12,10,20272131,8000,1.00000000,8000,8000,8000,1.00000000,0.00000000,0.00000000,True,False,1,0,0,1,0.00000000,False,High
13,1,20273131,8000,0.23675000,1894,1894,708,0.08850000,0.00000000,0.65111630,True,False,1,0,0,1,0.76325000,False,High
13,2,20273131,8000,0.05975000,478,478,714,0.08925000,0.00000000,0.62700301,True,False,1,0,0,1,0.94025000,False,High
13,3,20273131,8000,0.08487500,679,679,822,0.10275000,0.00000000,0.61100365,True,False,1,0,0,1,0.91512500,False,High
13,4,20273131,8000,0.16750000,1340,1340,887,0.11087500,0.00000000,0.77032185,True,False,1,0,0,1,0.83250000,False,High
13,5,20273131,8000,0.27050000,2164,2164,1047,0.13087500,0.00000000,0.76212288,True,False,1,0,0,1,0.72950000,False,High
13,6,20273131,8000,0.27500000,2200,2200,1168,0.14600000,0.00000000,0.74425410,True,False,1,0,0,1,0.72500000,False,High
13,7,20273131,8000,0.19900000,1592,1592,1381,0.17262500,0.00000000,0.88190791,True,False,1,0,0,1,0.80100000,False,High
13,8,20273131,8000,0.30837500,2467,2467,1577,0.19712500,0.00000000,0.87066275,True,False,1,0,0,1,0.69162500,False,High
13,9,20273131,8000,0.36600000,2928,2928,2021,0.25262500,0.00000000,0.93458195,True,False,1,0,0,1,0.63400000,False,High
13,10,20273131,8000,1.00000000,8000,8000,8000,1.00000000,0.00000000,0.00000000,True,False,1,0,0,1,0.00000000,False,High
14,1,20274131,8000,1.00000000,8000,8000,8000,1.00000000,0.00000000,0.00000000,True,False,1,0,0,1,0.00000000,False,High
14,2,20274131,8000,0.24525000,1962,1962,683,0.08537500,0.00000000,0.60480462,True,False,1,0,0,1,0.75475000,False,High
14,3,20274131,8000,0.12987500,1039,1039,762,0.09525000,0.00000000,0.69944770,True,False,1,0,0,1,0.87012500,False,High
14,4,20274131,8000,0.16475000,1318,1318,807,0.10087500,0.00000000,0.55518890,True,False,1,0,0,1,0.83525000,False,High
14,5,20274131,8000,0.27712500,2217,2217,828,0.10350000,0.00000000,0.71447289,True,False,1,0,0,1,0.72287500,False,High
14,6,20274131,8000,0.30462500,2437,2437,990,0.12375000,0.00000000,0.64943937,True,False,1,0,0,1,0.69537500,False,High
14,7,20274131,8000,0.16725000,1338,1338,1165,0.14562500,0.00000000,0.83586973,True,False,1,0,0,1,0.83275000,False,High
14,8,20274131,8000,0.37462500,2997,2997,555,0.06937500,0.00000000,0.87661749,True,False,1,0,0,1,0.62537500,False,High
14,9,20274131,8000,0.23062500,1845,1845,2001,0.25012500,0.00000000,0.92875679,True,False,1,0,0,1,0.76937500,False,High
14,10,20274131,8000,1.00000000,8000,8000,8000,1.00000000,0.00000000,0.00000000,True,False,1,0,0,1,0.00000000,False,High
15,1,20275131,8000,0.23125000,1850,1850,608,0.07600000,0.00000000,0.53311261,True,False,1,0,0,1,0.76875000,False,High
15,2,20275131,8000,0.09537500,763,763,680,0.08500000,0.00000000,0.55422492,True,False,1,0,0,1,0.90462500,False,High
15,3,20275131,8000,0.21300000,1704,1704,159,0.01987500,0.00000000,0.62387859,True,True,0,1,1,0,0.78700000,True,Low
15,4,20275131,8000,0.19100000,1528,1528,918,0.11475000,0.00000000,0.69966909,True,False,1,0,0,1,0.80900000,False,High
15,5,20275131,8000,1.00000000,8000,8000,8000,1.00000000,0.00000000,0.00000000,True,False,1,0,0,1,0.00000000,False,High
15,6,20275131,8000,0.07925000,634,634,994,0.12425000,0.00000000,0.74775523,True,False,1,0,0,1,0.92075000,False,High
15,7,20275131,8000,1.00000000,8000,8000,8000,1.00000000,0.00000000,0.00000000,True,False,1,0,0,1,0.00000000,False,High
15,8,20275131,8000,0.34887500,2791,2791,393,0.04912500,0.00000000,0.77725759,True,True,0,1,1,0,0.65112500,True,Low
15,9,20275131,8000,0.42762500,3421,3421,796,0.09950000,0.00000000,0.87582884,True,False,1,0,0,1,0.57237500,False,High
15,10,20275131,8000,1.00000000,8000,8000,8000,1.00000000,0.00000000,0.00000000,True,False,1,0,0,1,0.00000000,False,High
16,1,20276131,8000,1.00000000,8000,8000,8000,1.00000000,0.00000000,0.00000000,True,False,1,0,0,1,0.00000000,False,High
16,2,20276131,8000,1.00000000,8000,8000,8000,1.00000000,0.00000000,0.00000000,True,False,1,0,0,1,0.00000000,False,High
16,3,20276131,8000,0.28575000,2286,2286,756,0.09450000,0.00000000,0.66083661,True,False,1,0,0,1,0.71425000,False,High
16,4,20276131,8000,0.22000000,1760,1760,799,0.09987500,0.00000000,0.66294555,True,False,1,0,0,1,0.78000000,False,High
16,5,20276131,8000,0.25862500,2069,2069,883,0.11037500,0.00000000,0.65379240,True,False,1,0,0,1,0.74137500,False,High
16,6,20276131,8000,0.23875000,1910,1910,1042,0.13025000,0.00000000,0.79614519,True,False,1,0,0,1,0.76125000,False,High
16,7,20276131,8000,0.39800000,3184,3184,1219,0.15237500,0.00000000,0.79728575,True,False,1,0,0,1,0.60200000,False,High
16,8,20276131,8000,0.30900000,2472,2472,1329,0.16612500,0.00000000,0.83177093,True,False,1,0,0,1,0.69100000,False,High
16,9,20276131,8000,0.27612500,2209,2209,1602,0.20025000,0.00000000,0.91108063,True,False,1,0,0,1,0.72387500,False,High
16,10,20276131,8000,0.25612500,2049,2049,2021,0.25262500,0.00000000,0.96619346,True,False,1,0,0,1,0.74387500,False,High
17,1,20277131,8000,1.00000000,8000,8000,8000,1.00000000,0.00000000,0.00000000,True,False,1,0,0,1,0.00000000,False,High
17,2,20277131,8000,0.19662500,1573,1573,675,0.08437500,0.00000000,0.53250086,True,False,1,0,0,1,0.80337500,False,High
17,3,20277131,8000,0.29362500,2349,2349,727,0.09087500,0.00000000,0.68637213,True,False,1,0,0,1,0.70637500,False,High
17,4,20277131,8000,0.26937500,2155,2155,775,0.09687500,0.00000000,0.63373754,True,False,1,0,0,1,0.73062500,False,High
17,5,20277131,8000,0.05825000,466,466,886,0.11075000,0.00000000,0.67357256,True,False,1,0,0,1,0.94175000,False,High
17,6,20277131,8000,1.00000000,8000,8000,8000,1.00000000,0.00000000,0.00000000,True,False,1,0,0,1,0.00000000,False,High
17,7,20277131,8000,0.13562500,1085,1085,968,0.12100000,0.00000000,0.67015560,True,False,1,0,0,1,0.86437500,False,High
17,8,20277131,8000,0.14937500,1195,1195,1135,0.14187500,0.00000000,0.73620528,True,False,1,0,0,1,0.85062500,False,High
17,9,20277131,8000,0.12025000,962,962,1374,0.17175000,0.00000000,0.89564479,True,False,1,0,0,1,0.87975000,False,High
17,10,20277131,8000,0.24487500,1959,1959,1589,0.19862500,0.00000000,0.88099164,True,False,1,0,0,1,0.75512500,False,High
17,11,20277131,8000,0.33450000,2676,2676,2040,0.25500000,0.00000000,0.94673446,True,False,1,0,0,1,0.66550000,False,High
18,1,20278131,8000,1.00000000,8000,8000,8000,1.00000000,0.00000000,0.00000000,True,False,1,0,0,1,0.00000000,False,High
18,2,20278131,8000,0.11012500,881,881,725,0.09062500,0.00000000,0.58074108,True,False,1,0,0,1,0.88987500,False,High
18,3,20278131,8000,1.00000000,8000,8000,8000,1.00000000,0.00000000,0.00000000,True,False,1,0,0,1,0.00000000,False,High
18,4,20278131,8000,1.00000000,8000,8000,8000,1.00000000,0.00000000,0.00000000,True,False,1,0,0,1,0.00000000,False,High
18,5,20278131,8000,0.13712500,1097,1097,866,0.10825000,0.00000000,0.68131863,True,False,1,0,0,1,0.86287500,False,High
18,6,20278131,8000,0.18587500,1487,1487,943,0.11787500,0.00000000,0.72488997,True,False,1,0,0,1,0.81412500,False,High
18,7,20278131,8000,0.20812500,1665,1665,1118,0.13975000,0.00000000,0.83792251,True,False,1,0,0,1,0.79187500,False,High
18,8,20278131,8000,0.15087500,1207,1207,1275,0.15937500,0.00000000,0.89208853,True,False,1,0,0,1,0.84912500,False,High
18,9,20278131,8000,0.20612500,1649,1649,1616,0.20200000,0.00000000,0.82241219,True,False,1,0,0,1,0.79387500,False,High
18,10,20278131,8000,0.23937500,1915,1915,1973,0.24662500,0.00000000,0.97498622,True,False,1,0,0,1,0.76062500,False,High
19,1,20279131,8000,0.20925000,1674,1674,612,0.07650000,0.00000000,0.56684355,True,False,1,0,0,1,0.79075000,False,High
19,2,20279131,8000,0.11800000,944,944,677,0.08462500,0.00000000,0.56223796,True,False,1,0,0,1,0.88200000,False,High
19,3,20279131,8000,0.21100000,1688,1688,718,0.08975000,0.00000000,0.66955725,True,False,1,0,0,1,0.78900000,False,High
19,4,20279131,8000,0.12500000,1000,1000,827,0.10337500,0.00000000,0.76337694,True,False,1,0,0,1,0.87500000,False,High
19,5,20279131,8000,1.00000000,8000,8000,8000,1.00000000,0.00000000,0.00000000,True,False,1,0,0,1,0.00000000,False,High
19,6,20279131,8000,0.10937500,875,875,910,0.11375000,0.00000000,0.68066829,True,False,1,0,0,1,0.89062500,False,High
19,7,20279131,8000,0.18912500,1513,1513,1021,0.12762500,0.00000000,0.75579965,True,False,1,0,0,1,0.81087500,False,High
19,8,20279131,8000,0.33662500,2693,2693,1125,0.14062500,0.00000000,0.84828683,True,False,1,0,0,1,0.66337500,False,High
19,9,20279131,8000,0.18162500,1453,1453,1338,0.16725000,0.00000000,0.84371725,True,False,1,0,0,1,0.81837500,False,High
19,10,20279131,8000,0.31475000,2518,2518,1606,0.20075000,0.00000000,0.89253914,True,False,1,0,0,1,0.68525000,False,High
19,11,20279131,8000,0.27725000,2218,2218,2065,0.25812500,0.00000000,0.95048486,True,False,1,0,0,1,0.72275000,False,High
20,1,20280131,8000,1.00000000,8000,8000,8000,1.00000000,0.00000000,0.00000000,True,False,1,0,0,1,0.00000000,False,High
20,2,20280131,8000,0.03312500,265,265,653,0.08162500,0.00000000,0.52912315,True,False,1,0,0,1,0.96687500,False,High
20,3,20280131,8000,0.23300000,1864,1864,711,0.08887500,0.00000000,0.58828539,True,False,1,0,0,1,0.76700000,False,High
20,4,20280131,8000,0.13875000,1110,1110,803,0.10037500,0.00000000,0.59832115,True,False,1,0,0,1,0.86125000,False,High
20,5,20280131,8000,0.14837500,1187,1187,882,0.11025000,0.00000000,0.67772756,True,False,1,0,0,1,0.85162500,False,High
20,6,20280131,8000,0.15312500,1225,1225,993,0.12412500,0.00000000,0.73277952,True,False,1,0,0,1,0.84687500,False,High
20,7,20280131,8000,0.08762500,701,701,1150,0.14375000,0.00000000,0.76089665,True,False,1,0,0,1,0.91237500,False,High
20,8,20280131,8000,0.48075000,3846,3846,556,0.06950000,0.00000000,0.82166365,True,False,1,0,0,1,0.51925000,False,High
20,9,20280131,8000,0.23462500,1877,1877,2004,0.25050000,0.00000000,0.96939580,True,False,1,0,0,1,0.76537500,False,High
20,10,20280131,8000,1.00000000,8000,8000,8000,1.00000000,0.00000000,0.00000000,True,False,1,0,0,1,0.00000000,False,High
21,1,20281131,8000,1.00000000,8000,8000,8000,1.00000000,0.00000000,0.00000000,True,False,1,0,0,1,0.00000000,False,High
21,2,20281131,8000,0.38125000,3050,3050,102,0.01275000,0.00000000,0.55702282,True,True,0,1,1,0,0.61875000,True,Low
21,3,20281131,8000,1.00000000,8000,8000,8000,1.00000000,0.00000000,0.00000000,True,False,1,0,0,1,0.00000000,False,High
21,4,20281131,8000,0.30775000,2462,2462,758,0.09475000,0.00000000,0.55539630,True,False,1,0,0,1,0.69225000,False,High
21,5,20281131,8000,1.00000000,8000,8000,8000,1.00000000,0.00000000,0.00000000,True,False,1,0,0,1,0.00000000,False,High
21,6,20281131,8000,0.32362500,2589,2589,898,0.11225000,0.00000000,0.68860283,True,False,1,0,0,1,0.67637500,False,High
21,7,20281131,8000,0.11662500,933,933,1023,0.12787500,0.00000000,0.66119886,True,False,1,0,0,1,0.88337500,False,High
21,8,20281131,8000,0.23587500,1887,1887,1159,0.14487500,0.00000000,0.69420104,True,False,1,0,0,1,0.76412500,False,High
21,9,20281131,8000,0.10537500,843,843,1350,0.16875000,0.00000000,0.83549503,True,False,1,0,0,1,0.89462500,False,High
21,10,20281131,8000,1.00000000,8000,8000,8000,1.00000000,0.00000000,0.00000000,True,False,1,0,0,1,0.00000000,False,High
21,11,20281131,8000,0.23537500,1883,1883,1978,0.24725000,0.00000000,0.94452667,True,False,1,0,0,1,0.76462500,False,High
22,1,20282131,8000,1.00000000,8000,8000,8000,1.00000000,0.00000000,0.00000000,True,False,1,0,0,1,0.00000000,False,High
22,2,20282131,8000,0.31287500,2503,2503,683,0.08537500,0.00000000,0.49993647,True,False,1,0,0,1,0.68712500,False,High
22,3,20282131,8000,0.21412500,1713,1713,735,0.09187500,0.00000000,0.57467187,True,False,1,0,0,1,0.78587500,False,High
22,4,20282131,8000,0.17075000,1366,1366,772,0.09650000,0.00000000,0.64480169,True,False,1,0,0,1,0.82925000,False,High
22,5,20282131,8000,1.00000000,8000,8000,8000,1.00000000,0.00000000,0.00000000,True,False,1,0,0,1,0.00000000,False,High
22,6,20282131,8000,0.23325000,1866,1866,893,0.11162500,0.00000000,0.65019240,True,False,1,0,0,1,0.76675000,False,High
22,7,20282131,8000,0.29712500,2377,2377,286,0.03575000,0.00000000,0.81060941,True,True,0,1,1,0,0.70287500,True,Low
22,8,20282131,8000,0.12087500,967,967,1335,0.16687500,0.00000000,0.78699402,True,False,1,0,0,1,0.87912500,False,High
22,9,20282131,8000,0.39600000,3168,3168,801,0.10012500,0.00000000,0.92441176,True,False,1,0,0,1,0.60400000,False,High
22,10,20282131,8000,1.00000000,8000,8000,8000,1.00000000,0.00000000,0.00000000,True,False,1,0,0,1,0.00000000,False,High
23,1,20283131,8000,1.00000000,8000,8000,8000,1.00000000,0.00000000,0.00000000,True,False,1,0,0,1,0.00000000,False,High
23,2,20283131,8000,0.14300000,1144,1144,659,0.08237500,0.00000000,0.50167555,True,False,1,0,0,1,0.85700000,False,High
23,3,20283131,8000,0.17875000,1430,1430,606,0.07575000,0.00000000,0.59992829,True,False,1,0,0,1,0.82125000,False,High
23,4,20283131,8000,0.36087500,2887,2887,146,0.01825000,0.00000000,0.62281962,True,True,0,1,1,0,0.63912500,True,Low
23,5,20283131,8000,1.00000000,8000,8000,8000,1.00000000,0.00000000,0.00000000,True,False,1,0,0,1,0.00000000,False,High
23,6,20283131,8000,0.22800000,1824,1824,868,0.10850000,0.00000000,0.69992491,True,False,1,0,0,1,0.77200000,False,High
23,7,20283131,8000,0.15075000,1206,1206,935,0.11687500,0.00000000,0.71240257,True,False,1,0,0,1,0.84925000,False,High
23,8,20283131,8000,0.19675000,1574,1574,1162,0.14525000,0.00000000,0.77890824,True,False,1,0,0,1,0.80325000,False,High
23,9,20283131,8000,0.21275000,1702,1702,1372,0.17150000,0.00000000,0.81493392,True,False,1,0,0,1,0.78725000,False,High
23,10,20283131,8000,0.18237500,1459,1459,1612,0.20150000,0.00000000,0.93411495,True,False,1,0,0,1,0.81762500,False,High
23,11,20283131,8000,0.30325000,2426,2426,2048,0.25600000,0.00000000,0.95451026,True,False,1,0,0,1,0.69675000,False,High
24,1,20284131,8000,1.00000000,8000,8000,8000,1.00000000,0.00000000,0.00000000,True,False,1,0,0,1,0.00000000,False,High
24,2,20284131,8000,0.22175000,1774,1774,710,0.08875000,0.00000000,0.53835911,True,False,1,0,0,1,0.77825000,False,High
24,3,20284131,8000,0.19275000,1542,1542,769,0.09612500,0.00000000,0.62754495,True,False,1,0,0,1,0.80725000,False,High
24,4,20284131,8000,0.20600000,1648,1648,823,0.10287500,0.00000000,0.83981619,True,False,1,0,0,1,0.79400000,False,High
24,5,20284131,8000,0.13600000,1088,1088,904,0.11300000,0.00000000,0.67093086,True,False,1,0,0,1,0.86400000,False,High
24,6,20284131,8000,0.05675000,454,454,962,0.12025000,0.00000000,0.80851114,True,False,1,0,0,1,0.94325000,False,High
24,7,20284131,8000,0.31075000,2486,2486,382,0.04775000,0.00000000,0.87482321,True,True,0,1,1,0,0.68925000,True,Low
24,8,20284131,8000,0.31762500,2541,2541,1578,0.19725000,0.00000000,0.88057599,True,False,1,0,0,1,0.68237500,False,High
24,9,20284131,8000,0.21312500,1705,1705,2044,0.25550000,0.00000000,0.95157406,True,False,1,0,0,1,0.78687500,False,High
24,10,20284131,8000,1.00000000,8000,8000,8000,1.00000000,0.00000000,0.00000000,True,False,1,0,0,1,0.00000000,False,High
25,1,20285131,8000,1.00000000,8000,8000,8000,1.00000000,0.00000000,0.00000000,True,False,1,0,0,1,0.00000000,False,High
25,2,20285131,8000,0.29650000,2372,2372,116,0.01450000,0.00000000,0.66788601,True,True,0,1,1,0,0.70350000,True,Low
25,3,20285131,8000,1.00000000,8000,8000,8000,1.00000000,0.00000000,0.00000000,True,False,1,0,0,1,0.00000000,False,High
25,4,20285131,8000,0.13587500,1087,1087,723,0.09037500,0.00000000,0.67761275,True,False,1,0,0,1,0.86412500,False,High
25,5,20285131,8000,0.15112500,1209,1209,849,0.10612500,0.00000000,0.60822984,True,False,1,0,0,1,0.84887500,False,High
25,6,20285131,8000,0.28512500,2281,2281,885,0.11062500,0.00000000,0.71423469,True,False,1,0,0,1,0.71487500,False,High
25,7,20285131,8000,0.32950000,2636,2636,291,0.03637500,0.00000000,0.76271250,True,True,0,1,1,0,0.67050000,True,Low
25,8,20285131,8000,0.17675000,1414,1414,1322,0.16525000,0.00000000,0.81382579,True,False,1,0,0,1,0.82325000,False,High
25,9,20285131,8000,0.16887500,1351,1351,1563,0.19537500,0.00000000,0.91100989,True,False,1,0,0,1,0.83112500,False,High
25,10,20285131,8000,0.27900000,2232,2232,2016,0.25200000,0.00000000,0.98110262,True,False,1,0,0,1,0.72100000,False,High
26,1,20286131,8000,0.35312500,2825,2825,168,0.02100000,0.00000000,0.71769233,True,True,0,1,1,0,0.64687500,True,Low
26,2,20286131,8000,0.31162500,2493,2493,284,0.03550000,0.00000000,0.74575471,True,True,0,1,1,0,0.68837500,True,Low
26,3,20286131,8000,0.67612500,5409,5409,403,0.05037500,0.00000000,0.85019079,True,True,0,1,1,0,0.32387500,True,Low
26,4,20286131,8000,1.00000000,8000,8000,8000,1.00000000,0.00000000,0.00000000,True,False,1,0,0,1,0.00000000,False,High
27,1,20287131,8000,0.13250000,1060,1060,634,0.07925000,0.00000000,0.53554338,True,False,1,0,0,1,0.86750000,False,High
27,2,20287131,8000,0.19000000,1520,1520,682,0.08525000,0.00000000,0.51827820,True,False,1,0,0,1,0.81000000,False,High
27,3,20287131,8000,0.14400000,1152,1152,744,0.09300000,0.00000000,0.53463581,True,False,1,0,0,1,0.85600000,False,High
27,4,20287131,8000,0.02737500,219,219,773,0.09662500,0.00000000,0.62592210,True,False,1,0,0,1,0.97262500,False,High
27,5,20287131,8000,1.00000000,8000,8000,8000,1.00000000,0.00000000,0.00000000,True,False,1,0,0,1,0.00000000,False,High
27,6,20287131,8000,0.12487500,999,999,855,0.10687500,0.00000000,0.65531193,True,False,1,0,0,1,0.87512500,False,High
27,7,20287131,8000,0.27225000,2178,2178,308,0.03850000,0.00000000,0.75661227,True,True,0,1,1,0,0.72775000,True,Low
27,8,20287131,8000,0.35075000,2806,2806,537,0.06712500,0.00000000,0.84462334,True,False,1,0,0,1,0.64925000,False,High
27,9,20287131,8000,1.00000000,8000,8000,8000,1.00000000,0.00000000,0.00000000,True,False,1,0,0,1,0.00000000,False,High
28,1,20288131,8000,1.00000000,8000,8000,8000,1.00000000,0.00000000,0.00000000,True,False,1,0,0,1,0.00000000,False,High
28,2,20288131,8000,0.16525000,1322,1322,620,0.07750000,0.00000000,0.55928730,True,False,1,0,0,1,0.83475000,False,High
28,3,20288131,8000,1.00000000,8000,8000,8000,1.00000000,0.00000000,0.00000000,True,False,1,0,0,1,0.00000000,False,High
28,4,20288131,8000,0.29137500,2331,2331,748,0.09350000,0.00000000,0.56897423,True,False,1,0,0,1,0.70862500,False,High
28,5,20288131,8000,1.00000000,8000,8000,8000,1.00000000,0.00000000,0.00000000,True,False,1,0,0,1,0.00000000,False,High
28,6,20288131,8000,0.06525000,522,522,893,0.11162500,0.00000000,0.74661355,True,False,1,0,0,1,0.93475000,False,High
28,7,20288131,8000,0.13987500,1119,1119,993,0.12412500,0.00000000,0.70175766,True,False,1,0,0,1,0.86012500,False,High
28,8,20288131,8000,0.16662500,1333,1333,1124,0.14050000,0.00000000,0.73494354,True,False,1,0,0,1,0.83337500,False,High
28,9,20288131,8000,0.37662500,3013,3013,1334,0.16675000,0.00000000,0.86698356,True,False,1,0,0,1,0.62337500,False,High
28,10,20288131,8000,0.25225000,2018,2018,1583,0.19787500,0.00000000,0.90658512,True,False,1,0,0,1,0.74775000,False,High
28,11,20288131,8000,1.00000000,8000,8000,8000,1.00000000,0.00000000,0.00000000,True,False,1,0,0,1,0.00000000,False,High
29,1,20289131,8000,1.00000000,8000,8000,8000,1.00000000,0.00000000,0.00000000,True,False,1,0,0,1,0.00000000,False,High
29,2,20289131,8000,0.17762500,1421,1421,547,0.06837500,0.00000000,0.45819735,True,False,1,0,0,1,0.82237500,False,High
29,3,20289131,8000,0.34250000,2740,2740,579,0.07237500,0.00000000,0.60257834,True,False,1,0,0,1,0.65750000,False,High
29,4,20289131,8000,0.13875000,1110,1110,662,0.08275000,0.00000000,0.49397927,True,False,1,0,0,1,0.86125000,False,High
29,5,20289131,8000,0.21800000,1744,1744,676,0.08450000,0.00000000,0.57174137,True,False,1,0,0,1,0.78200000,False,High
29,6,20289131,8000,0.17837500,1427,1427,701,0.08762500,0.00000000,0.59924002,True,False,1,0,0,1,0.82162500,False,High
29,7,20289131,8000,0.21287500,1703,1703,764,0.09550000,0.00000000,0.63032965,True,False,1,0,0,1,0.78712500,False,High
29,8,20289131,8000,0.14512500,1161,1161,1022,0.12775000,0.00000000,0.68404589,True,False,1,0,0,1,0.85487500,False,High
29,9,20289131,8000,0.21525000,1722,1722,1144,0.14300000,0.00000000,0.89039508,True,False,1,0,0,1,0.78475000,False,High
29,10,20289131,8000,0.35137500,2811,2811,511,0.06387500,0.00000000,0.87787913,True,False,1,0,0,1,0.64862500,False,High
29,11,20289131,8000,1.00000000,8000,8000,8000,1.00000000,0.00000000,0.00000000,True,False,1,0,0,1,0.00000000,False,High
30,1,20290131,8000,1.00000000,8000,8000,8000,1.00000000,0.00000000,0.00000000,True,False,1,0,0,1,0.00000000,False,High
30,2,20290131,8000,0.36200000,2896,2896,537,0.06712500,0.00000000,0.43202935,True,False,1,0,0,1,0.63800000,False,High
30,3,20290131,8000,0.06525000,522,522,578,0.07225000,0.00000000,0.55531381,True,False,1,0,0,1,0.93475000,False,High
30,4,20290131,8000,0.37537500,3003,3003,103,0.01287500,0.00000000,0.56448734,True,True,0,1,1,0,0.62462500,True,Low
30,5,20290131,8000,0.06112500,489,489,704,0.08800000,0.00000000,0.56475808,True,False,1,0,0,1,0.93887500,False,High
30,6,20290131,8000,0.19087500,1527,1527,785,0.09812500,0.00000000,0.60657799,True,False,1,0,0,1,0.80912500,False,High
30,7,20290131,8000,0.20262500,1621,1621,931,0.11637500,0.00000000,0.72357279,True,False,1,0,0,1,0.79737500,False,High
30,8,20290131,8000,0.42187500,3375,3375,285,0.03562500,0.00000000,0.74271605,True,True,0,1,1,0,0.57812500,True,Low
30,9,20290131,8000,0.36537500,2923,2923,539,0.06737500,0.00000000,0.87486130,True,False,1,0,0,1,0.63462500,False,High
30,10,20290131,8000,1.00000000,8000,8000,8000,1.00000000,0.00000000,0.00000000,True,False,1,0,0,1,0.00000000,False,High
31,1,20291131,8000,0.18187500,1455,1455,477,0.05962500,0.00000000,0.57064590,True,True,0,1,1,0,0.81812500,True,Low
31,2,20291131,8000,0.16187500,1295,1295,563,0.07037500,0.00000000,0.48560642,True,False,1,0,0,1,0.83812500,False,High
31,3,20291131,8000,0.16937500,1355,1355,567,0.07087500,0.00000000,0.42150188,True,False,1,0,0,1,0.83062500,False,High
31,4,20291131,8000,0.22275000,1782,1782,615,0.07687500,0.00000000,0.45231274,True,False,1,0,0,1,0.77725000,False,High
31,5,20291131,8000,0.11837500,947,947,633,0.07912500,0.00000000,0.56911473,True,False,1,0,0,1,0.88162500,False,High
31,6,20291131,8000,0.15175000,1214,1214,814,0.10175000,0.00000000,0.65805120,True,False,1,0,0,1,0.84825000,False,High
31,7,20291131,8000,0.14050000,1124,1124,864,0.10800000,0.00000000,0.71931889,True,False,1,0,0,1,0.85950000,False,High
31,8,20291131,8000,0.50762500,4061,4061,262,0.03275000,0.00000000,0.70366762,True,True,0,1,1,0,0.49237500,True,Low
31,9,20291131,8000,0.45537500,3643,3643,526,0.06575000,0.00000000,0.91196892,True,False,1,0,0,1,0.54462500,False,High
31,10,20291131,8000,1.00000000,8000,8000,8000,1.00000000,0.00000000,0.00000000,True,False,1,0,0,1,0.00000000,False,High
32,1,20292131,8000,0.19400000,1552,1552,550,0.06875000,0.00000000,0.50244945,True,False,1,0,0,1,0.80600000,False,High
32,2,20292131,8000,0.10687500,855,855,633,0.07912500,0.00000000,0.49491401,True,False,1,0,0,1,0.89312500,False,High
32,3,20292131,8000,0.23837500,1907,1907,615,0.07687500,0.00000000,0.52464653,True,False,1,0,0,1,0.76162500,False,High
32,4,20292131,8000,0.09250000,740,740,735,0.09187500,0.00000000,0.61283082,True,False,1,0,0,1,0.90750000,False,High
32,5,20292131,8000,0.13762500,1101,1101,784,0.09800000,0.00000000,0.69040817,True,False,1,0,0,1,0.86237500,False,High
32,6,20292131,8000,0.14750000,1180,1180,890,0.11125000,0.00000000,0.60361359,True,False,1,0,0,1,0.85250000,False,High
32,7,20292131,8000,0.09737500,779,779,975,0.12187500,0.00000000,0.75800153,True,False,1,0,0,1,0.90262500,False,High
32,8,20292131,8000,0.15325000,1226,1226,1171,0.14637500,0.00000000,0.72706741,True,False,1,0,0,1,0.84675000,False,High
32,9,20292131,8000,0.30025000,2402,2402,1345,0.16812500,0.00000000,0.92905331,True,False,1,0,0,1,0.69975000,False,High
32,10,20292131,8000,1.00000000,8000,8000,8000,1.00000000,0.00000000,0.00000000,True,False,1,0,0,1,0.00000000,False,High
32,11,20292131,8000,1.00000000,8000,8000,8000,1.00000000,0.00000000,0.00000000,True,False,1,0,0,1,0.00000000,False,High
33,1,20293131,8000,1.00000000,8000,8000,8000,1.00000000,0.00000000,0.00000000,True,False,1,0,0,1,0.00000000,False,High
33,2,20293131,8000,0.24062500,1925,1925,104,0.01300000,0.00000000,0.59577000,True,True,0,1,1,0,0.75937500,True,Low
33,3,20293131,8000,0.49437500,3955,3955,138,0.01725000,0.00000000,0.62497466,True,True,0,1,1,0,0.50562500,True,Low
33,4,20293131,8000,0.12262500,981,981,902,0.11275000,0.00000000,0.69603496,True,False,1,0,0,1,0.87737500,False,High
33,5,20293131,8000,0.16112500,1289,1289,992,0.12400000,0.00000000,0.74271181,True,False,1,0,0,1,0.83887500,False,High
33,6,20293131,8000,0.09862500,789,789,1115,0.13937500,0.00000000,0.82923935,True,False,1,0,0,1,0.90137500,False,High
33,7,20293131,8000,0.24375000,1950,1950,1318,0.16475000,0.00000000,0.84018881,True,False,1,0,0,1,0.75625000,False,High
33,8,20293131,8000,1.00000000,8000,8000,8000,1.00000000,0.00000000,0.00000000,True,False,1,0,0,1,0.00000000,False,High
33,9,20293131,8000,1.00000000,8000,8000,8000,1.00000000,0.00000000,0.00000000,True,False,1,0,0,1,0.00000000,False,High
34,1,20294131,8000,1.00000000,8000,8000,8000,1.00000000,0.00000000,0.00000000,True,False,1,0,0,1,0.00000000,False,High
34,2,20294131,8000,0.36825000,2946,2946,111,0.01387500,0.00000000,0.53028317,True,True,0,1,1,0,0.63175000,True,Low
34,3,20294131,8000,0.20150000,1612,1612,701,0.08762500,0.00000000,0.54271101,True,False,1,0,0,1,0.79850000,False,High
34,4,20294131,8000,0.06825000,546,546,705,0.08812500,0.00000000,0.59442615,True,False,1,0,0,1,0.93175000,False,High
34,5,20294131,8000,1.00000000,8000,8000,8000,1.00000000,0.00000000,0.00000000,True,False,1,0,0,1,0.00000000,False,High
34,6,20294131,8000,0.22275000,1782,1782,823,0.10287500,0.00000000,0.69342729,True,False,1,0,0,1,0.77725000,False,High
34,7,20294131,8000,0.15012500,1201,1201,846,0.10575000,0.00000000,0.65549062,True,False,1,0,0,1,0.84987500,False,High
34,8,20294131,8000,0.14525000,1162,1162,1058,0.13225000,0.00000000,0.73717757,True,False,1,0,0,1,0.85475000,False,High
34,9,20294131,8000,0.32925000,2634,2634,1125,0.14062500,0.00000000,0.75818702,True,False,1,0,0,1,0.67075000,False,High
34,10,20294131,8000,0.15662500,1253,1253,1317,0.16462500,0.00000000,0.82925483,True,False,1,0,0,1,0.84337500,False,High
34,11,20294131,8000,1.00000000,8000,8000,8000,1.00000000,0.00000000,0.00000000,True,False,1,0,0,1,0.00000000,False,High
